smmp_id,depthpos,node_id,x_smmp,y_smmp,z_surface,install_year,next_tree_id,next_tree_dist,tree_pos,smmp_type,profiledepth_cm,sampling_date_core,fc_vol_perc,ks_m_s,bulkdens_kg_m3,porosity_sat_vol_perc,porosity_calc_vol_perc,gravel_grav_perc,sand_grav_perc,silt_grav_perc,clay_grav_perc,textureclass,textureclass_ger
3,b,76,598783.32,5662778.26,367.04,2014,1098,1.71,far,k,44,09.10.14,37.11,0.0000000546,1.52,41.3,42.9,,,,,,
3,t,76,598783.32,5662778.26,367.04,2014,1098,1.71,far,k,44,09.10.14,42.61,0.000216,0.94,58.9,64.8,,,,,,
6,b,8,598788.38,5662805.22,364.65,2014,102,0.87,close,k,35,07.10.14,36.5,0.0000344,1.42,43.7,46.5,0,1.56,79.8,18.65,SiL,Ut4
6,t,8,598788.38,5662805.22,364.65,2014,102,0.87,close,k,35,07.10.14,45.55,0.000157,1.08,57.6,59.6,0,1.82,85.29,12.89,SiL,Ut3
10,b,76,598793.59,5662774.24,367.33,2014,171,2.06,far,k,38,08.10.14,43.44,,1.43,48.6,46.1,,,,,,
10,t,76,598793.59,5662774.24,367.33,2014,171,2.06,far,k,38,08.10.14,46.27,0.00000223,1.22,54.7,54.2,,,,,,
13,b,6,598796.25,5662808.2,364.47,2014,26,1.52,far,k,46,07.10.14,34.58,0.00000852,1.48,41.4,44.2,,,,,,
13,t,6,598796.25,5662808.2,364.47,2014,26,1.52,far,k,46,07.10.14,39.88,0.00000237,1.22,49.5,54.2,,,,,,
15,b,45,598804.19,5662756.56,368.7,2014,243,1.04,far,k,47,14.10.14,35.63,0.000000494,1.5,40.2,43.7,,,,,,
15,t,45,598804.19,5662756.56,368.7,2014,243,1.04,far,k,47,13.10.14,44.46,0.0000474,1.12,56.1,57.8,,,,,,
16,b,48,598802.27,5662765.29,367.98,2014,219,1.4,far,k,41,14.10.14,45.4,0.00000347,1.34,50.4,49.6,,,,,,
16,t,48,598802.27,5662765.29,367.98,2014,219,1.4,far,k,41,14.10.14,44.05,0.0000402,1.32,51.8,50.4,,,,,,
18,b,5,598808.26,5662788.85,366.3,2014,132,0.92,close,k,48,08.10.14,35.41,0.00000862,1.51,40.3,43.3,,,,,,
18,t,5,598808.26,5662788.85,366.3,2014,132,0.92,close,k,48,08.10.14,36.7,0.0000393,1.27,48.6,52.4,,,,,,
19,b,7,598801.03,5662797.03,365.49,2014,114,0.61,close,k,,07.10.14,37.43,0.00000807,1.38,44.1,48.2,,,,,,
19,t,7,598801.03,5662797.03,365.49,2014,114,0.61,close,k,,07.10.14,45.56,0.0000212,0.92,58.8,65.6,,,,,,
21,b,14,598800.26,5662819.72,363.33,2014,29,0.98,close,k,38,01.10.14,34.1,,1.44,41.7,45.8,0,3.05,78.51,18.43,SiL,Ut4
21,t,14,598800.26,5662819.72,363.33,2014,29,0.98,close,k,38,01.10.14,27.01,0.0000289,1.31,40,50.9,0,2.84,76.47,20.7,SiL,Ut4
22,b,33,598813.22,5662754.52,368.65,2014,221,2.37,far,k,28,14.10.14,47.05,0.0000417,1.25,51.6,53.1,,,,,,
22,t,33,598813.22,5662754.52,368.65,2014,221,2.37,far,k,28,14.10.14,59.54,,1.17,57.4,55.9,,,,,,
23,b,39,598816.64,5662765,368.05,2014,206,0.49,close,k,51,15.10.14,37.57,0.0000142,1.44,42.3,45.7,,,,,,
23,t,39,598816.64,5662765,368.05,2014,206,0.49,close,k,51,15.10.14,43.76,0.0000425,1.22,51.7,54.2,,,,,,
25,b,61,598812.54,5662788.11,366.25,2014,131,1.88,far,k,32,16.10.14,40.39,0.0000214,1.4,47,47.4,0.04,9.03,69.25,21.69,SiL,Ut4
25,t,61,598812.54,5662788.11,366.25,2014,131,1.88,far,k,32,16.10.14,42.78,0.0000963,1.18,64.6,55.8,0.19,2,79.87,17.94,SiL,Ut4
26,b,63,598816.84,5662797.71,365.4,2014,118,2.86,far,k,38,20.10.14,47.08,0.000000247,1.42,50.5,46.7,0,15.88,61.59,22.53,SiL,Lu
26,t,63,598816.84,5662797.71,365.4,2014,118,2.86,far,k,38,20.10.14,40.6,0.0000218,1.2,51.3,54.8,1.95,2.01,74.49,20.56,SiL,Ut4
28,b,12,598816.47,5662815.68,363.73,2014,43,2.28,far,k,23,02.10.14,,,,,,,,,,,
28,t,12,598816.47,5662815.68,363.73,2014,43,2.28,far,k,23,02.10.14,50.58,0.00000485,1.08,59.7,59.5,,,,,,
29,b,12,598816.41,5662827.34,362.79,2014,1050,4.55,far,k,38,02.10.14,45.27,0.000000922,1.35,50.9,49.3,,,,,,
29,t,12,598816.41,5662827.34,362.79,2014,1050,4.55,far,k,38,02.10.14,44.79,0.0000204,1.14,55.5,57.2,,,,,,
32,b,65,598828.54,5662776.17,367.1,2014,190,1.09,far,k,40,15.10.14,43.11,0.0000208,1.33,49.5,50,,,,,,
32,t,65,598828.54,5662776.17,367.1,2014,190,1.09,far,k,40,15.10.14,47.5,0.000000187,1.13,54.8,57.5,,,,,,
35,b,29,598823.94,5662802.48,364.94,2014,91,0.96,close,k,34,21.10.14,38.03,0.0000736,1.36,45.1,48.7,0.01,6.12,78.12,15.75,SiL,Ut3
35,t,29,598823.94,5662802.48,364.94,2014,91,0.96,close,k,34,21.10.14,36.25,0.0000273,1.26,49,52.5,0.05,2.19,80.78,16.98,SiL,Ut3
40,b,41,598835.41,5662772.83,367.17,2014,701,1.84,far,k,40,,48.48,,1.32,53.6,50.3,,,,,,
40,t,41,598835.41,5662772.83,367.17,2014,701,1.84,far,k,40,,32.28,0.0000794,1.16,54.5,56.4,,,,,,
43,b,30,598831.92,5662800.44,365.04,2014,817,0.81,close,k,35,21.10.14,38.03,0.000111,1.41,49.2,46.9,0,0,75.07,19.6,SiL,Ut4
43,t,30,598831.92,5662800.44,365.04,2014,817,0.81,close,k,35,21.10.14,42.67,0.000018,1.21,51.9,54.5,0.05,10.94,74.55,14.47,SiL,Ut3
46,b,19,598847.33,5662755.55,368.16,2014,587,1.31,far,k,44,,36.91,0.0000814,1.32,52.8,50.3,,,,,,
46,t,19,598847.33,5662755.55,368.16,2014,587,1.31,far,k,44,,,0.000211,,,,,,,,,
47,b,41,598846.75,5662769.35,367.28,2014,705,2.69,far,k,39,,38.1,0.0000238,1.42,54.4,46.7,,,,,,
47,t,41,598846.75,5662769.35,367.28,2014,705,2.69,far,k,39,,28.61,0.000119,1.17,51.9,55.9,,,,,,
49,b,26,598845.46,5662784.93,366.21,2014,755,1.1,far,k,35,24.10.14,35.96,0.00016,1.33,45.9,50.2,,,,,,
49,t,26,598845.46,5662784.93,366.21,2014,755,1.1,far,k,35,24.10.14,50.74,0.000126,1,57.6,62.4,,,,,,
50,b,59,598843.63,5662792.65,365.6,2014,806,4.99,far,k,42,23.10.14,42.34,0.00000192,1.42,45.2,46.5,0,2.62,63.49,33.88,SiCL,Tu3
50,t,59,598843.63,5662792.65,365.6,2014,806,4.99,far,k,42,23.10.14,42.44,,1.41,48.7,46.9,0,2.97,66.17,30.89,SiCL,Tu4
52,b,52,598842.5,5662819.92,363.48,2014,830,1.51,far,k,40,24.10.14,37.67,0.0000291,1.36,52.3,48.8,,,,,,
52,t,52,598842.5,5662819.92,363.48,2014,830,1.51,far,k,40,24.10.14,40.27,,1.17,52.1,56.1,,,,,,
53,b,50,598849.33,5662827.86,362.89,2014,1015,1.63,far,k,36,27.10.14,49.48,,1.2,52.2,55.1,0.25,6.65,79.93,13.16,SiL,Ut3
53,t,50,598849.33,5662827.86,362.89,2014,1015,1.63,far,k,36,27.10.14,45.25,0.000021,1.23,57.3,53.7,0.33,5.32,78.14,16.21,SiL,Ut3
54,b,38,598850.28,5662757.38,367.97,2014,592,0.69,close,k,32,,40.5,0.0000978,1.18,64.6,55.6,0,2.45,75.7,21.86,,
54,t,38,598850.28,5662757.38,367.97,2015,592,0.69,close,k,32,30.03.15,45.81,0.000051,1.21,56,54.6,0.02,19.91,67.13,12.93,,
55,b,23,598853.24,5662761.55,367.61,2014,634,1.78,far,k,35,,36.88,0.000301,1.5,46.6,43.6,0.04,1.61,74.31,24.03,SiL,Ut4
55,t,23,598853.24,5662761.55,367.61,2014,634,1.78,far,k,35,,44.87,0.0000534,1.23,61.5,53.6,1.25,2.65,78.79,17.32,SiL,Ut4
57,b,60,598858.86,5662784.68,365.98,2014,742,0.22,close,k,28,23.10.14,49.95,0.000161,1.31,50.6,50.7,0.02,6.39,82.67,10.92,,
57,t,60,598858.86,5662784.68,365.98,2014,742,0.22,close,k,28,23.10.14,50.74,0.0000198,1.13,56.7,57.7,0.02,3.27,87.55,9.16,,
58,b,16,598851.97,5662793.16,365.49,2014,769,1.38,far,k,47,23.10.14,49.67,0.0000646,1.11,55.8,58.2,,,,,,
58,t,16,598851.97,5662793.16,365.49,2014,769,1.38,far,k,47,23.10.14,53.56,0.0000141,1.04,60.1,60.8,,,,,,
60,b,46,598859.46,5662810.24,364.37,2014,852,0.88,close,k,50,29.10.14,36,0.0000959,1.29,47,51.7,0.04,2.68,80.4,16.88,SiL,Ut3
60,t,46,598859.46,5662810.24,364.37,2014,852,0.88,close,k,50,29.10.14,58.82,0.0000436,0.75,69.5,72,1.74,2.52,75.5,20.24,SiL,Ut4
61,b,56,598852.3,5662829.48,362.76,2014,1013,0.8,close,k,40,28.10.14,37.32,0.000351,1.5,44.6,43.6,0.01,4.74,65.2,30.07,SiCL,Tu4
61,t,56,598852.3,5662829.48,362.76,2014,1013,0.8,close,k,40,28.10.14,45.57,0.0000855,1.04,63.4,60.9,0.02,2.84,76.71,20.45,SiL,Ut4
64,b,42,598869.59,5662778.31,366.22,2015,737,5.95,far,k,46,26.03.15,44.94,0.00000206,1.41,51.1,46.8,,,,,,
64,t,42,598869.59,5662778.31,366.22,2015,737,5.95,far,k,46,26.03.15,46.57,0.0000335,1.28,52.9,51.9,,,,,,
67,b,49,598869.94,5662808.49,364.35,2014,858,1.89,far,k,37,29.10.14,45.92,0.0000514,1.34,51.1,49.5,,,,,,
67,t,49,598869.94,5662808.49,364.35,2014,858,1.89,far,k,37,29.10.14,47.55,,1.07,58.9,59.8,,,,,,
72,b,42,598879.79,5662773.87,366.4,2015,712,2.14,far,k,38,26.03.15,37.55,0.00000361,1.49,42.4,44,,,,,,
72,t,42,598879.79,5662773.87,366.4,2015,712,2.14,far,k,38,26.03.15,30.36,,1.41,38.9,47.2,,,,,,
75,b,49,598872.97,5662809.09,364.29,2014,862,1.89,far,k,28,29.10.14,46.84,0.000148,1.27,53.6,52.3,0.06,8.21,69.56,22.18,SiL,Ut4
75,t,49,598872.97,5662809.09,364.29,2014,862,1.89,far,k,28,29.10.14,48.4,0.0000261,0.91,63.5,65.9,0.14,3.06,76.57,20.23,SiL,Ut4
78,b,11,598889.97,5662753.96,367.23,2014,608,1.66,far,k,28,29.09.14,52,,1.31,54.5,50.7,,,,,,
78,t,11,598889.97,5662753.96,367.23,2014,608,1.66,far,k,28,29.09.14,47.54,0.00000238,1.22,53.8,54.1,,,,,,
79,b,2,598884.77,5662762.09,366.9,2015,612,3.63,far,k,48,26.03.15,37.34,,1.53,43.8,42.4,,,,,,
79,t,2,598884.77,5662762.09,366.9,2015,612,3.63,far,k,48,26.03.15,43.36,0.000034,1.23,55.6,53.8,,,,,,
81,b,31,598884.57,5662785.97,365.7,2014,728,0.33,close,k,40,,34.76,0.000123,1.51,45,43.4,0.02,2.86,67.4,31.3,SiCL,Tu4
81,t,31,598884.57,5662785.97,365.7,2014,728,0.33,close,k,40,,37.63,0.000034,1.17,58.8,55.9,,,,,,
82,b,25,598889.36,5662799.16,364.72,2014,788,0.82,close,k,39,13.11.14,35.57,0.0000972,1.53,40.3,42.5,0,2.49,50.79,46.77,SiC,Tu2
82,t,25,598889.36,5662799.16,364.72,2014,788,0.82,close,k,39,13.11.14,42.75,0.0000185,1.29,51.1,51.5,0,2.08,62.45,35.45,SiCL,Tu3
84,b,47,598887.32,5662818.21,363.36,2014,992,3.17,far,k,34,30.10.14,42.12,0.000085,1.36,45.6,49,0.02,2.23,83.77,14,SiL,Ut3
84,t,47,598887.32,5662818.21,363.36,2014,992,3.17,far,k,34,30.10.14,41.63,0.0004,1.25,49,53.1,0.06,1.82,76.96,21.24,SiL,Ut4
85,b,15,598886.26,5662823.83,363.04,2014,993,1.4,far,k,40,05.11.14,37.83,0.0000399,1.45,42.8,45.4,0.12,7.07,69.49,23.32,SiL,Ut4
85,t,15,598886.26,5662823.83,363.04,2014,993,1.4,far,k,40,05.11.14,52.37,0.000298,,64.1,,0.63,3.33,89.55,10.21,,
86,b,11,598898.15,5662750.87,367.11,2014,908,5.12,far,k,30,29.09.14,46.88,,,48.8,,,,,,,
86,t,11,598898.15,5662750.87,367.11,2014,908,5.12,far,k,30,29.09.14,43.3,0.0000121,0.99,61,62.6,,,,,,
87,b,20,598893.5,5662761.15,366.76,2015,610,2.99,far,k,38,27.03.15,38.53,0.00000809,1.51,45.2,43.1,0,2.04,76.55,21.41,SiL,Ut4
87,t,20,598893.5,5662761.15,366.76,2015,610,2.99,far,k,38,27.03.15,49.29,0.000211,1.17,58.7,56.1,0,2.45,92.99,4.56,Si,Uu
89,b,28,598898.95,5662782.03,365.5,2014,926,1.14,far,k,34,13.11.14,47.18,,1.24,48,53.5,,,,,,
89,t,28,598898.95,5662782.03,365.5,2014,926,1.14,far,k,34,13.11.14,46.37,,1.13,53.4,57.6,,,,,,
90,b,58,598899.51,5662794,364.82,2014,933,2.24,far,k,36,12.11.14,42.91,,1.41,42,46.9,0,5.27,66.52,28.21,SiL,Tu4
90,t,58,598899.51,5662794,364.82,2014,933,2.24,far,k,36,12.11.14,39.02,0.0000124,1.25,49.4,53.1,0.2,3.84,71.39,24.56,SiL,Ut4
92,b,47,598891.89,5662813.16,363.75,2014,876,0.69,close,k,57,30.10.14,37.45,0.00000495,1.38,43.6,48,,,,,,
92,t,47,598891.89,5662813.16,363.75,2014,876,0.69,close,k,57,30.10.14,,,,,,,,,,,
93,b,17,598890.5,5662829.04,362.56,2014,996,2.46,far,k,28,04.11.14,44.98,,1.42,49,46.6,,,,,,
93,t,17,598890.5,5662829.04,362.56,2014,996,2.46,far,k,28,04.11.14,50.67,0.00000263,1.13,59.2,57.5,,,,,,
95,b,35,598907.56,5662770.02,365.86,2015,922,2.85,far,k,27,30.03.15,54.49,,1.33,58.3,50.1,,,,,,
95,t,35,598907.56,5662770.02,365.86,2015,922,2.85,far,k,27,30.03.15,57.64,0.000485,1.05,67.2,60.7,,,,,,
98,b,4,598904.52,5662808.07,363.87,2014,950,2.3,far,k,28,06.11.14,41.66,0.00000149,1.35,47.2,49.2,,,,,,
98,t,4,598904.52,5662808.07,363.87,2014,950,2.3,far,k,28,06.11.14,41.11,0.000304,1.21,50.6,54.5,,,,,,
103,b,76,598781.7,5662773.9,367.44,2014,1100,0.93,close,k,33,09.10.14,45.26,0.0000103,1.32,49.3,50.3,0,3.75,61.43,34.78,SiCL,Tu3
103,t,76,598781.7,5662773.9,367.44,2014,1100,0.93,close,k,33,09.10.14,40.54,0.0000826,1.21,53.1,54.5,0,3.31,65.69,30.96,SiCL,Tu4
106,b,6,598787.77,5662804.19,364.75,2014,103,0.82,close,k,53,07.10.14,34.44,0.000406,1.39,41.1,47.6,,,,,,
106,t,6,598787.77,5662804.19,364.75,2014,103,0.82,close,k,53,07.10.14,42.09,0.0000124,1.27,60.9,52.1,,,,,,
110,b,69,598796.59,5662779.41,367.19,2014,173,0.06,close,k,40,08.10.14,36.41,0.000404,1.44,45.4,45.8,,,,,,
110,t,69,598796.59,5662779.41,367.19,2014,173,0.06,close,k,40,08.10.14,44.5,0.0000434,1.16,55.5,56.4,,,,,,
113,b,6,598790.72,5662803.79,364.79,2014,102,3.31,far,k,34,07.10.14,42.34,0.0000445,1.3,48.2,51.3,0,4.4,73.73,21.87,SiL,Ut4
113,t,6,598790.72,5662803.79,364.79,2014,102,3.31,far,k,34,07.10.14,42.27,0.000139,1.03,58.5,61.4,0,1.79,78.5,20.29,SiL,Ut4
115,b,9,598800.39,5662755.22,368.8,2014,255,1.27,far,k,24,13.10.14,48.4,,1.41,51.4,47.1,26.7,2.52,46.33,24.45,L,Ls2
115,t,9,598800.39,5662755.22,368.8,2014,255,1.27,far,k,24,13.10.14,50.62,0.00000169,1.15,55.2,56.8,0.06,2.78,76.71,20.45,SiL,Ut4
116,b,44,598803.17,5662769.31,367.68,2014,219,2.53,far,k,41,10.10.14,40.58,0.0000686,1.42,46,46.6,,,,,,
116,t,44,598803.17,5662769.31,367.68,2014,219,2.53,far,k,41,10.10.14,50.72,0.00000434,1.18,57.2,55.6,,,,,,
118,b,10,598807.42,5662781.61,366.83,2014,182,0.58,close,k,87,08.10.14,32.52,0.0000286,1.28,44.5,51.8,0.04,2.95,82.56,14.45,,
118,t,10,598807.42,5662781.61,366.83,2014,182,0.58,close,k,87,08.10.14,39.27,0.0000226,1.2,52,54.8,0.04,2.56,91.35,6.05,,
119,b,5,598809.39,5662791.79,365.92,2014,132,3.56,far,k,34,08.10.14,35.57,,1.37,44.7,48.6,0,1.71,69.04,29.25,SICL,Tu4
119,t,5,598809.39,5662791.79,365.92,2014,132,3.56,far,k,34,08.10.14,44.51,0.00000174,1.22,51.8,54.2,0,2.09,77.11,20.8,SiL,Ut4
121,b,13,598809.07,5662819,363.44,2014,37,0.89,close,k,36,02.10.14,37.76,0.00000339,1.38,45.8,48,,,,,,
121,t,13,598809.07,5662819,363.44,2014,37,0.89,close,k,36,02.10.14,40.47,,1.16,53.4,56.3,,,,,,
122,b,36,598814.83,5662756.23,368.59,2014,213,2.86,far,k,42,14.10.14,48.32,0.00000256,1.37,51.2,48.7,0,2.04,56.58,41.34,SiC,Tu3
122,t,36,598814.83,5662756.23,368.59,2014,213,2.86,far,k,42,14.10.14,49.11,0.00000537,1.09,56.8,59.2,0,2.55,65.77,31.69,SiCL,Ut3
123,b,72,598812.61,5662763.83,368.1,2014,214,1.54,far,k,43,09.10.14,39.75,0.0000316,1.32,48.6,50.3,,,,,,
123,t,72,598812.61,5662763.83,368.1,2014,214,1.54,far,k,43,09.10.14,36.62,0.0000866,1.21,51.3,54.5,,,,,,
125,b,66,598815.36,5662788.88,366.22,2014,130,0.52,close,k,15,16.10.14,34.77,0.0000548,1.5,40.8,43.5,0.03,1.97,84.04,13.99,SiL,Ut3
125,t,66,598815.36,5662788.88,366.22,2014,130,0.52,close,k,15,16.10.14,42.38,0.00000214,1.28,50.7,51.9,0.09,2.27,91.34,6.39,Si,Uu
126,b,62,598811.38,5662790.09,366.1,2014,130,3.13,far,k,44,17.10.14,36.43,,1.55,41.5,41.6,0.07,1.51,77.39,21.09,SiL,Ut4
126,t,62,598811.38,5662790.09,366.1,2014,130,3.13,far,k,44,17.10.14,41.62,0.00000164,1.36,46.6,48.9,0.06,4.78,89.24,5.98,Si,Uu
128,b,29,598818.06,5662813.98,363.93,2014,44,2.04,far,k,52,,,0.0000979,,,,,,,,,
128,t,29,598818.06,5662813.98,363.93,2014,44,2.04,far,k,52,21.10.14,47.41,0.000218,1.1,58.1,58.5,,,,,,
129,b,12,598816.75,5662823.28,363.14,2014,42,4.15,far,k,37,02.10.14,42.83,0.00255,1.41,47,46.9,0,2.32,75.11,22.57,SiL,Ut4
129,t,12,598816.75,5662823.28,363.14,2014,42,4.15,far,k,37,02.10.14,52.55,0.00000767,1,60.2,62.5,0,2.06,83.94,14,SiL,Ut3
132,b,64,598826.09,5662775.11,367.14,2014,189,2.38,far,k,63,15.10.14,44.71,0.000000849,1.43,47.9,46.4,,,,,,
132,t,64,598826.09,5662775.11,367.14,2014,189,2.38,far,k,63,15.10.14,40.03,0.000378,1.14,49.4,57,,,,,,
135,b,30,598823.26,5662800.63,365.1,2014,91,2.17,far,k,37,21.10.14,40.21,0.0000594,1.25,48.8,53.1,,,,,,
135,t,30,598823.26,5662800.63,365.1,2014,91,2.17,far,k,37,21.10.14,43.46,,1.1,53.6,58.5,,,,,,
140,b,41,598833.85,5662773.61,367.17,2014,701,1.12,far,k,39,,39.64,0.00000268,1.44,52.2,45.9,,,,,,
140,t,41,598833.85,5662773.61,367.17,2014,701,1.12,far,k,39,,31.74,0.000317,1.16,54.4,56.5,,,,,,
143,b,32,598835.77,5662800.55,365.01,2014,810,2.06,far,k,37,21.10.14,37.42,0.000434,1.37,47.1,48.5,0,10.67,69.15,20.17,SiL,Ut4
143,t,32,598835.77,5662800.55,365.01,2014,810,2.06,far,k,37,21.10.14,45.52,0.00000925,1.23,50.9,53.9,0.04,3.8,73.95,22.22,SiL,Ut4
146,b,37,598849.75,5662759.28,367.86,2014,636,0.69,close,k,31,,44.1,0.0000887,1.36,57.3,48.9,0,5.2,74.99,19.81,,
146,t,37,598849.75,5662759.28,367.86,2014,636,0.69,close,k,31,,46.78,0.000283,1.21,65.3,54.3,0.67,2.47,88.68,8.18,,
147,b,18,598841.67,5662763.78,367.67,2014,639,2.37,far,k,37,,44.67,,1.21,52,54.4,0,1.44,73.98,24.58,SiL,Ut4
147,t,18,598841.67,5662763.78,367.67,2014,639,2.37,far,k,37,,43.62,0.0000198,1,66.8,62.4,0.02,1.73,62.78,35.47,SiCL,Tu3
149,b,59,598842.08,5662789.6,365.87,2014,767,3.09,far,k,42,23.10.14,38.61,0.000201,1.37,45.7,48.4,,,,,,
149,t,59,598842.08,5662789.6,365.87,2014,767,3.09,far,k,42,23.10.14,45.82,,1.1,52.4,58.5,,,,,,
150,b,54,598843.19,5662798.3,365.17,2014,806,0.58,close,k,34,22.10.14,45.52,,1.37,45.8,48.5,0,1.45,75.3,23.25,SiL,Ut4
150,t,54,598843.19,5662798.3,365.17,2014,806,0.58,close,k,34,22.10.14,44.03,0.00000598,1.24,54.7,53.3,0,2.51,89.75,7.74,Si,Uu
152,b,52,598849.5,5662818.67,363.58,2014,837,3.18,far,k,36,24.10.14,48.17,0.00000189,1.32,51.6,50.4,0,3.04,60.14,36.82,SiCL,Tu3
152,t,52,598849.5,5662818.67,363.58,2014,837,3.18,far,k,36,24.10.14,46.55,0.00000492,1.03,58.5,61.5,0,2.27,72.14,25.6,SiL,Ut4
153,b,51,598844.19,5662827.6,362.86,2014,1016,0.82,close,k,40,27.10.14,39.29,0.00004,1.34,49.6,49.5,0.15,3.15,68.76,28.15,SiCL,Tu4
153,t,51,598844.19,5662827.6,362.86,2014,1016,0.82,close,k,40,27.10.14,45.19,0.00000356,1.31,52.1,50.9,0.05,2.17,88.28,9.5,,
154,b,40,598854.5,5662755.8,367.96,2014,596,1.1,far,k,,,41.97,0.000237,,,,,,,,,
154,t,40,598854.5,5662755.8,367.96,2014,596,1.1,far,k,,,35.34,0.0000425,,57.6,,,,,,,
155,b,22,598853.08,5662760.41,367.72,2014,634,0.64,close,k,38,,32.04,0.000151,1.51,45.1,43.2,0,5.94,84.41,9.66,,
155,t,22,598853.08,5662760.41,367.72,2014,634,0.64,close,k,38,,32.19,0.0000935,1.35,49.3,49.2,0.02,0.63,89.53,9.81,,
157,b,27,598855.27,5662783.51,366.12,2014,746,0.75,close,k,37,23.10.14,43.62,0.00000271,1.39,45.7,47.7,0,3.02,91.37,5.61,,
157,t,27,598855.27,5662783.51,366.12,2014,746,0.75,close,k,37,23.10.14,46.82,0.0000342,1.13,55.3,57.4,0,2.61,83.46,13.93,,
158,b,16,598857.62,5662799.5,364.79,2014,799,2.74,far,k,35,23.10.14,38.59,0.0000539,1.47,43.8,44.9,,,,,,
158,t,16,598857.62,5662799.5,364.79,2014,799,2.74,far,k,35,23.10.14,45.76,0.0000859,1.17,52.1,56,,,,,,
160,b,55,598852.72,5662814.15,363.93,2014,843,2.04,far,k,38,28.10.14,46.46,,0.7,64,73.6,0.02,6.56,69.5,23.91,SiL,Ut4
160,t,55,598852.72,5662814.15,363.93,2014,843,2.04,far,k,38,28.10.14,48.18,,0.99,58.8,62.8,0.11,2.07,81.2,16.63,SiL,Ut3
161,b,57,598851.64,5662829.78,362.68,2014,1013,1.47,far,k,35,28.10.14,37.84,,1.16,53.3,56.4,0,3.13,70.48,26.39,SiL,Tu4
161,t,57,598851.64,5662829.78,362.68,2014,1013,1.47,far,k,35,27.10.14,47.67,0.000102,1.09,61.6,58.9,0.04,2.74,86.62,10.64,Si,Ut2
164,b,42,598864.95,5662771.98,366.72,2015,711,1.43,far,k,50,26.03.15,46.13,0.0000463,1.39,50.8,47.9,,,,,,
164,t,42,598864.95,5662771.98,366.72,2015,711,1.43,far,k,50,26.03.15,44.78,0.0000925,1.08,61.3,59.5,,,,,,
167,b,46,598867.65,5662802.65,364.67,2014,796,3.66,far,k,27,,49.44,,1.3,55.5,51.1,,,,,,
167,t,46,598867.65,5662802.65,364.67,2014,796,3.66,far,k,27,29.10.14,43.7,0.0000614,1.12,56.9,57.7,,,,,,
172,b,1,598878.75,5662771.27,366.54,2015,712,1.22,far,k,45,26.03.15,41.56,0.000000128,1.45,48.5,45.6,,,,,,
172,t,1,598878.75,5662771.27,366.54,2015,712,1.22,far,k,45,26.03.15,43.06,0.00001,1.27,52.3,52.4,,,,,,
175,b,49,598876.29,5662806.1,364.4,2014,862,2.64,far,k,40,29.10.14,44.22,0.000156,1.14,56.2,57.3,,,,,,
175,t,49,598876.29,5662806.1,364.4,2014,862,2.64,far,k,40,29.10.14,,0.000247,,,,,,,,,
178,b,3,598882.12,5662755.22,367.36,2015,606,1.7,far,k,45,26.03.15,51.4,,1.31,56,50.6,,,,,,
178,t,3,598882.12,5662755.22,367.36,2015,606,1.7,far,k,45,25.03.15,42.13,0.0000034,1.28,53.3,52.1,,,,,,
179,b,1,598884.34,5662766.87,366.69,2015,613,2.92,far,k,39,26.03.15,43.39,,1.51,47.6,43.4,,,,,,
179,t,1,598884.34,5662766.87,366.69,2015,613,2.92,far,k,39,26.03.15,48.93,0.0000437,1.17,59.3,56.2,,,,,,
181,b,34,598888.9,5662784.48,365.61,2014,725,1.45,far,k,,,36.27,0.0000948,1.3,50.6,51.1,,,,,,
181,t,34,598888.9,5662784.48,365.61,2014,725,1.45,far,k,,,46.06,0.0000281,1.18,61.3,55.6,,,,,,
182,b,21,598888.14,5662791.41,365.2,2014,778,1.25,far,k,42,,40,0.0000978,1.45,52.3,45.7,,,,,,
182,t,21,598888.14,5662791.41,365.2,2014,778,1.25,far,k,42,,47.35,0.0000102,1.43,52.1,46.3,,,,,,
184,b,47,598887.51,5662817.07,363.43,2014,869,3.06,far,k,30,30.10.14,35.84,,1.24,46.6,53.2,,,,,,
184,t,47,598887.51,5662817.07,363.43,2014,869,3.06,far,k,30,30.10.14,43.35,0.000468,1.22,49.9,54.3,,,,,,
185,b,17,598888.14,5662823.02,363.04,2014,992,1.91,far,k,41,05.11.14,37.3,,1.51,40.1,43.1,0.05,1.45,80.77,17.79,SiL,Ut4
185,t,17,598888.14,5662823.02,363.04,2014,992,1.91,far,k,41,05.11.14,,0.0000792,,,,0.22,2.87,94.52,2.61,Si,Uu
186,b,11,598896.95,5662750.76,367.12,2014,908,5.35,far,k,40,29.09.14,43.83,,1.43,44.6,46.1,0.02,4.57,69.13,26.28,SiL,Tu4
186,t,11,598896.95,5662750.76,367.12,2014,908,5.35,far,k,40,29.09.14,39.16,0.00000389,,45.3,,0.18,3.33,75.13,21.36,SiL,Ut4
187,b,20,598897.07,5662763.54,366.6,2015,912,0.49,close,k,40,27.03.15,44.48,0.00000195,1.43,50.5,46.1,0,1.65,67.04,31.31,SiCL,Tu4
187,t,20,598897.07,5662763.54,366.6,2015,912,0.49,close,k,40,27.03.15,39.39,0.0000195,1.49,46.5,44.1,,,,,,
189,b,24,598897.01,5662786.98,365.34,2014,782,1.27,far,k,53,12.11.14,38.21,0.0000232,1.35,46.5,49.3,0.15,4.66,71.26,23.92,SiL,Ut4
189,t,24,598897.01,5662786.98,365.34,2014,782,1.27,far,k,53,12.11.14,45.33,0.00000537,1.15,50.8,56.9,0.32,3.05,81.84,14.79,SiL,Ut3
190,b,53,598891.84,5662790.76,365.17,2014,780,2.53,far,k,27,12.11.14,43.32,0.000000377,1.37,45.1,48.3,0,8.18,71.92,19.91,SiL,Ut4
190,t,53,598891.84,5662790.76,365.17,2014,780,2.53,far,k,27,12.11.14,46.8,0.0000275,1.12,53.4,57.9,0.13,3.31,73.16,23.4,SiL,Ut4
192,b,67,598890.3,5662810.07,363.95,2014,875,1.98,far,k,,11.11.14,42.97,,1.39,44.5,47.8,0.06,7.2,70.6,22.14,SiL,Ut4
192,t,67,598890.3,5662810.07,363.95,2014,875,1.98,far,k,,11.11.14,42.76,0.0000051,1.22,49.3,54.1,0.03,3.29,76.71,20.12,SiL,Ut4
193,b,17,598893.87,5662822.43,363.09,2014,990,1.78,far,k,38,04.11.14,33.21,,1.44,38.7,46,,,,,,
193,t,17,598893.87,5662822.43,363.09,2014,990,1.78,far,k,38,04.11.14,43.88,0.0000144,1.19,55.4,55.2,,,,,,
195,b,35,598906.63,5662775.31,365.68,2015,921,0.53,close,k,37,30.03.15,45.06,0.0000461,1.32,56.6,50.4,0.04,6.42,63.5,30.04,,
195,t,35,598906.63,5662775.31,365.68,2015,921,0.53,close,k,37,30.03.15,48.86,0.00000034,1.05,64.5,60.5,0.06,2.54,79.1,18.3,,
198,b,80,598909.17,5662806.92,363.87,2014,952,1.98,far,k,42,06.11.14,46.94,0.000000153,1.38,47.8,48.2,,,,,,
198,t,80,598909.17,5662806.92,363.87,2014,952,1.98,far,k,42,06.11.14,43.31,0.0000765,1.28,49.5,51.9,,,,,,
201,b,7,598801,5662796.85,365.48,2014,114,0.79,close,kt,,07.10.14,34.8,0.00206,1.41,44.2,47.1,,,,,,
201,t,7,598801,5662796.85,365.48,2014,114,0.79,close,kt,,07.10.14,39.83,,0.95,59.9,64.3,,,,,,
202,b,29,598816.77,5662797.64,365.4,2014,118,2.76,far,kt,38,20.10.14,40.68,,1.42,44.5,46.5,,,,,,
202,t,29,598816.77,5662797.64,365.4,2014,118,2.76,far,kt,38,20.10.14,45.81,0.000052,1.25,52,53.1,,,,,,
203,b,35,598898.88,5662782.09,365.5,2014,926,1.12,far,kt,34,13.11.14,49.68,,1.32,47.5,50.5,,,,,,
203,t,35,598898.88,5662782.09,365.5,2014,926,1.12,far,kt,34,13.11.14,43.64,0.0000106,1.21,51.4,54.5,,,,,,
204,b,58,598899.44,5662794.06,364.83,2014,933,2.33,far,kt,36,12.11.14,43.34,0.000446,1.2,52.2,54.8,,,,,,
204,t,58,598899.44,5662794.06,364.83,2014,933,2.33,far,kt,36,12.11.14,41.43,0.000519,1.11,55,58.2,,,,,,
205,b,4,598904.43,5662808.05,363.87,2014,950,2.21,far,kt,28,06.11.14,48.92,,1.2,48,54.8,,,,,,
205,t,4,598904.43,5662808.05,363.87,2014,950,2.21,far,kt,28,06.11.14,43.38,0.00000927,1.22,50.3,54.1,,,,,,
206,b,9,598800.32,5662755.29,368.76,2014,255,1.17,far,kt,,13.10.14,40.07,0.0000163,1.36,47.1,48.9,,,,,,
206,t,9,598800.32,5662755.29,368.76,2014,255,1.17,far,kt,,13.10.14,47.2,,1.02,61.6,61.5,,,,,,
207,b,44,598803.22,5662769.39,367.68,2014,219,2.62,far,kt,41,10.10.14,42.23,0.0000199,1.45,45.9,45.5,,,,,,
207,t,44,598803.22,5662769.39,367.68,2014,219,2.62,far,kt,41,10.10.14,49.77,0.00000683,1.17,55.1,55.9,,,,,,
208,b,36,598814.73,5662756.24,368.56,2014,213,2.92,far,kt,42,14.10.14,40.58,0.000036,1.36,46.9,48.7,,,,,,
208,t,36,598814.73,5662756.24,368.56,2014,213,2.92,far,kt,42,14.10.14,40.12,0.0000106,1.23,51.1,53.6,,,,,,
209,b,72,598812.52,5662763.79,368.1,2014,214,1.51,far,kt,43,09.10.14,36.26,0.000159,1.28,49.6,52.1,,,,,,
209,t,72,598812.52,5662763.79,368.1,2014,214,1.51,far,kt,43,09.10.14,46.44,0.0000191,1.17,55.4,56.1,,,,,,
210,b,66,598815.38,5662788.98,366.22,2014,130,0.47,close,kt,15,,,,,,,0.03,2.37,81.9,15.7,SiL,Ut3
210,t,66,598815.38,5662788.98,366.22,2014,130,0.47,close,kt,15,16.10.14,,0.000053,,,,,,,,,
211,b,62,598811.31,5662790.02,366.1,2014,130,3.18,far,kt,44,17.10.14,52.36,0.0000169,1.39,56.3,47.6,,,,,,
211,t,62,598811.31,5662790.02,366.1,2014,130,3.18,far,kt,44,17.10.14,41.71,0.00000696,1.28,49,52,,,,,,
212,b,64,598826.17,5662775.17,367.14,2014,189,2.29,far,kt,63,15.10.14,36.66,0.0000181,1.45,42.6,45.3,,,,,,
212,t,64,598826.17,5662775.17,367.14,2014,189,2.29,far,kt,63,15.10.14,40.22,0.0000539,1.03,55,61.3,,,,,,
213,b,37,598849.68,5662759.35,367.85,2014,636,0.63,close,kt,,,38.6,0.000136,1.45,53,45.5,0.04,2.07,65.46,32.42,SiCL,Tu4
213,t,37,598849.68,5662759.35,367.85,2014,636,0.63,close,kt,,,42.54,0.0000553,1.14,64.4,57.1,,,,,,
214,b,54,598843.15,5662798.21,365.21,2014,806,0.49,close,kt,34,22.10.14,46.23,0.0000283,1.37,47.3,48.7,,,,,,
214,t,54,598843.15,5662798.21,365.21,2014,806,0.49,close,kt,34,22.10.14,47.35,0.0000544,1.18,,55.6,,,,,,
215,b,51,598844.2,5662827.7,362.86,2014,1016,0.91,close,kt,40,,,0.00000405,,56.5,,,,,,,
215,t,51,598844.2,5662827.7,362.86,2014,1016,0.91,close,kt,40,27.10.14,44.75,0.000156,1.08,56.5,59.3,,,,,,
216,b,40,598854.49,5662755.7,368.01,2014,596,1.2,far,kt,,,34.39,,1.53,44.5,42.5,,,,,,
216,t,40,598854.49,5662755.7,368.01,2015,596,1.2,far,kt,,30.03.15,46.91,0.00000113,1.27,56.3,52.1,,,,,,
217,b,27,598855.29,5662783.6,366.12,2014,746,0.77,close,kt,37,23.10.14,39.83,0.0000272,1.44,42.9,45.7,,,,,,
217,t,27,598855.29,5662783.6,366.12,2014,746,0.77,close,kt,37,23.10.14,45.68,,1.09,52.5,59.1,,,,,,
218,b,55,598852.8,5662814.22,363.94,2014,843,1.98,far,kt,38,28.10.14,37.77,,1.47,45.6,44.8,,,,,,
218,t,55,598852.8,5662814.22,363.94,2014,843,1.98,far,kt,38,28.10.14,39.41,,0.99,57.9,62.9,,,,,,
219,b,57,598851.73,5662829.72,362.7,2014,1013,1.38,far,kt,35,27.10.14,46.71,0.00000659,1.3,51.5,51.1,,,,,,
219,t,57,598851.73,5662829.72,362.7,2014,1013,1.38,far,kt,35,27.10.14,43.45,0.0000229,1.13,53,57.7,,,,,,
220,b,3,598882.06,5662755.3,367.32,2015,606,1.64,far,kt,45,26.03.15,47.04,,1.34,55.6,49.7,,,,,,
220,t,3,598882.06,5662755.3,367.32,2015,606,1.64,far,kt,45,25.03.15,43.1,0.0000478,1.18,57.6,55.7,,,,,,
221,b,1,598884.44,5662766.91,366.69,2015,613,2.82,far,kt,39,26.03.15,47.02,0.000383,1.34,52.5,49.6,,,,,,
221,t,1,598884.44,5662766.91,366.69,2015,613,2.82,far,kt,39,26.03.15,55.96,0.0000516,1.04,65.7,61,,,,,,
222,b,34,598888.8,5662784.49,365.61,2014,725,1.55,far,kt,,,43.63,0.00000978,1.29,53.4,51.4,,,,,,
222,t,34,598888.8,5662784.49,365.61,2014,725,1.55,far,kt,,,41.01,0.000207,1.07,58.2,59.8,,,,,,
223,b,21,598888.16,5662791.5,365.2,2014,778,1.32,far,kt,,,36.96,0.0000621,1.44,49.3,45.9,,,,,,
223,t,21,598888.16,5662791.5,365.2,2014,778,1.32,far,kt,,,40.51,0.0000155,1.36,56.5,48.8,,,,,,
224,b,53,598891.93,5662790.74,365.17,2014,780,2.48,far,kt,27,12.11.14,42.27,0.000000562,1.36,46.3,48.9,,,,,,
224,t,53,598891.93,5662790.74,365.17,2014,780,2.48,far,kt,27,12.11.14,44.4,0.000000804,1.24,50.5,53.3,,,,,,
226,b,5,598799.78,5662795.62,365.61,2014,114,2.4,far,kt,48,07.10.14,35.59,0.0000123,1.45,42.7,45.7,,,,,,
226,t,5,598799.78,5662795.62,365.61,2014,114,2.4,far,kt,48,07.10.14,,,,,,,,,,,
227,b,63,598815.55,5662796.18,365.54,2014,118,0.89,close,kt,31,20.10.14,38.87,,1.44,43.5,45.8,,,,,,
227,t,63,598815.55,5662796.18,365.54,2014,118,0.89,close,kt,31,21.10.14,41.79,0.0000766,1.1687,52.6,56.1,,,,,,
228,b,34,598897.48,5662783.38,365.45,2014,719,0.98,close,kt,27,,39.19,0.0000151,1.41,50.4,46.9,,,,,,
228,t,34,598897.48,5662783.38,365.45,2014,719,0.98,close,kt,27,,38.72,0.000128,1.12,60.1,57.8,,,,,,
229,b,58,598898.03,5662795.33,364.8,2014,784,3.49,far,kt,37,11.11.14,41.29,0.0000162,1.39,44.1,47.8,,,,,,
229,t,58,598898.03,5662795.33,364.8,2014,784,3.49,far,kt,37,11.11.14,43.56,0.0000217,1.1,52.8,58.6,,,,,,
230,b,4,598902.61,5662807.51,363.92,2014,950,0.49,close,kt,36,06.11.14,43.47,,1.29,43.8,51.4,,,,,,
230,t,4,598902.61,5662807.51,363.92,2014,950,0.49,close,kt,36,06.11.14,39.49,0.000000126,1.33,46.1,50,,,,,,
231,b,45,598798.86,5662756.51,368.76,2014,255,0.6,close,kt,29,,,,,,,,,,,,
231,t,45,598798.86,5662756.51,368.76,2014,255,0.6,close,kt,29,13.10.14,40.28,0.0000259,1.23,50.3,53.7,,,,,,
232,b,44,598804.22,5662771.01,367.63,2014,174,2.1,far,kt,34,10.10.14,45.71,,1.43,47.2,46.1,,,,,,
232,t,44,598804.22,5662771.01,367.63,2014,174,2.1,far,kt,34,10.10.14,46.01,0.00000273,1.19,56.6,55.2,,,,,,
233,b,36,598812.85,5662756.48,368.51,2014,221,3.39,far,kt,32,14.10.14,52.05,,1.3,53.9,51,,,,,,
233,t,36,598812.85,5662756.48,368.51,2014,221,3.39,far,kt,32,14.10.14,50.3,0.0000072,1.15,55.5,56.6,,,,,,
234,b,39,598810.76,5662763.06,368.16,2014,214,2.05,far,kt,42,15.10.14,39.76,0.00000549,,46.9,,,,,,,
234,t,39,598810.76,5662763.06,368.16,2014,214,2.05,far,kt,42,15.10.14,42.95,0.000059,1.03,57.7,61.2,,,,,,
235,b,66,598815.71,5662790.85,366.05,2014,130,1.38,far,kt,41,16.10.14,39.9,0.00000237,1.46,44.2,45.1,0.06,1.68,72.68,25.58,SiL,Tu4
235,t,66,598815.71,5662790.85,366.05,2014,130,1.38,far,kt,41,16.10.14,45.44,0.0000307,1.15,56.5,56.8,0.03,2.67,74.38,22.92,SiL,Tu4
236,b,61,598809.97,5662788.68,366.25,2014,131,2.18,far,kt,33,,,,,,,,,,,,
236,t,61,598809.97,5662788.68,366.25,2014,131,2.18,far,kt,33,,,0.0000273,,,,,,,,,
237,b,65,598827.72,5662776.27,367.09,2014,189,1.19,far,kt,40,,,,,,,,,,,,
237,t,65,598827.72,5662776.27,367.09,2014,189,1.19,far,kt,40,15.10.14,41.79,,1.32,48.3,50.2,,,,,,
238,b,23,598848.26,5662760.62,367.8,2014,637,1.02,far,kt,39,,33.94,0.000085,1.32,55.6,50.2,,,,,,
238,t,23,598848.26,5662760.62,367.8,2014,637,1.02,far,kt,39,,48.83,0.000067,1.33,64.4,50.1,,,,,,
239,b,32,598842.29,5662796.51,365.29,2014,806,1.43,far,kt,38,22.10.14,46.48,,1.33,47.5,50.1,,,,,,
239,t,32,598842.29,5662796.51,365.29,2014,806,1.43,far,kt,38,22.10.14,45.55,0.0000168,1.14,53.3,57.2,,,,,,
240,b,51,598844.43,5662829.58,362.69,2014,1018,1.49,far,kt,46,27.10.14,41.08,0.000417,1.16,58.9,56.5,,,,,,
240,t,51,598844.43,5662829.58,362.69,2014,1018,1.49,far,kt,46,27.10.14,48.27,0.000232,1.08,61.7,59.4,,,,,,
241,b,40,598854.39,5662753.8,368.11,2015,597,2.28,far,kt,35,,45.42,0.000034,1.05,69.7,60.4,,,,,,
241,t,40,598854.39,5662753.8,368.11,2015,597,2.28,far,kt,35,30.03.15,42.53,0.0000166,1.38,50.9,48.2,,,,,,
242,b,27,598855.6,5662785.48,365.98,2014,744,1.77,far,kt,52,23.10.14,44.57,0.000004,1.28,48.8,51.8,,,,,,
242,t,27,598855.6,5662785.48,365.98,2014,744,1.77,far,kt,52,23.10.14,49.76,0.0000197,1.15,56.9,56.6,,,,,,
243,b,55,598854.25,5662815.45,363.84,2014,845,1.75,far,kt,38,28.10.14,46.13,0.0000298,1.25,51.3,52.9,,,,,,
243,t,55,598854.25,5662815.45,363.84,2014,845,1.75,far,kt,38,28.10.14,44.11,0.00000349,1.25,51.4,53.2,,,,,,
244,b,56,598853.33,5662828.71,362.83,2014,1013,0.62,close,kt,42,28.10.14,44.27,0.00000531,1.34,51.2,49.7,,,,,,
244,t,56,598853.33,5662828.71,362.83,2014,1013,0.62,close,kt,42,28.10.14,38.64,,1.25,48.9,52.9,,,,,,
245,b,3,598880.91,5662756.81,367.29,2015,606,1.63,far,kt,37,25.03.15,36.86,0.0000373,1.49,45.7,43.9,,,,,,
245,t,3,598880.91,5662756.81,367.29,2015,606,1.63,far,kt,37,25.03.15,41.18,0.000374,1.19,56.9,55.2,,,,,,
246,b,2,598886.21,5662767.6,366.69,2015,613,1.25,far,kt,40,26.03.15,61.78,,1.19,69.2,55.3,,,,,,
246,t,2,598886.21,5662767.6,366.69,2015,613,1.25,far,kt,40,26.03.15,44.19,0.000459,1.1,61.5,58.6,,,,,,
247,b,31,598886.93,5662784.8,365.66,2014,727,1.53,far,kt,56,,38.79,0.0000539,1.39,51.6,47.6,0,2.99,66,31.01,SiCL,Tu4
247,t,31,598886.93,5662784.8,365.66,2014,727,1.53,far,kt,56,,36.28,0.000145,1.12,56.2,57.8,0.04,3.19,70.21,26.56,SiL,Tu4
248,b,21,598888.59,5662793.36,365.06,2014,778,3.06,far,kt,30,,47.3,0.000000589,1.44,53.4,45.9,,,,,,
248,t,21,598888.59,5662793.36,365.06,2014,778,3.06,far,kt,30,,45.34,0.00000947,1.22,61.6,54.2,,,,,,
249,b,53,598893.78,5662790.3,365.13,2014,780,2.11,far,kt,30,12.11.14,50.14,,1.38,49.8,48.3,,,,,,
249,t,53,598893.78,5662790.3,365.13,2014,780,2.11,far,kt,30,12.11.14,40.43,0.00000356,1.38,45.7,48,,,,,,
251,b,7,598797,5662792.74,365.9,2014,143,1.42,far,kt,43,07.10.14,35.33,0.0000859,1.46,41.2,45,,,,,,
251,t,7,598797,5662792.74,365.9,2014,143,1.42,far,kt,43,07.10.14,45.35,0.0000361,1.04,58.1,60.9,,,,,,
252,b,62,598812.98,5662793.12,365.84,2014,118,3.11,far,kt,36,17.10.14,41.9,0.00000607,1.42,47.2,46.5,,,,,,
252,t,62,598812.98,5662793.12,365.84,2014,118,3.11,far,kt,36,17.10.14,48.09,0.000000108,1.2,53.2,54.9,,,,,,
253,b,24,598894.53,5662786.08,365.44,2014,781,1.16,far,kt,35,12.11.14,36.78,0.000000142,1.4,41.9,47.3,,,,,,
253,t,24,598894.53,5662786.08,365.44,2014,781,1.16,far,kt,35,12.11.14,39.02,0.00018,1.09,53.7,58.9,,,,,,
254,b,67,598895.05,5662798.01,364.67,2014,784,1.33,far,kt,35,11.11.14,38.66,0.0000541,1.41,41.4,46.9,,,,,,
254,t,67,598895.05,5662798.01,364.67,2014,784,1.33,far,kt,35,11.11.14,43.23,,1.07,54.3,59.9,,,,,,
255,b,67,598898.77,5662806.38,364.05,2014,786,2.86,far,kt,37,11.11.14,41.69,0.000012,1.36,45.8,49,,,,,,
255,t,67,598898.77,5662806.38,364.05,2014,786,2.86,far,kt,37,11.11.14,44.63,0.00000148,1.07,53.6,59.6,,,,,,
256,b,45,598795.8,5662759.08,368.62,2014,254,1.65,far,kt,32,,,,,,,,,,,,
256,t,45,598795.8,5662759.08,368.62,2014,254,1.65,far,kt,32,,41.72,,1.27795,49.8,52,,,,,,
257,b,72,598806.33,5662774.41,367.4,2014,178,0.78,close,kt,37,09.10.14,39.2,,1.34,48.8,49.7,,,,,,
257,t,72,598806.33,5662774.41,367.4,2014,178,0.78,close,kt,37,08.10.14,45.08,0.000000329,1.23,51.9,53.7,,,,,,
258,b,33,598808.88,5662757,368.62,2014,221,3.9,far,kt,40,14.10.14,43.36,0.0000113,1.31,48.3,50.7,,,,,,
258,t,33,598808.88,5662757,368.62,2014,221,3.9,far,kt,40,14.10.14,43.93,0.00000403,1.25,51.7,53,,,,,,
259,b,33,598807.07,5662761.52,368.34,2014,220,0.94,close,kt,42,14.10.14,35.67,,1.44,43.8,46,,,,,,
259,t,33,598807.07,5662761.52,368.34,2014,220,0.94,close,kt,42,14.10.14,44.06,0.0000436,0.9,60.2,66.2,,,,,,
260,b,63,598816.4,5662794.79,365.64,2014,118,1.28,far,kt,37,20.10.14,38.3,0.0000185,1.42,44.2,46.8,,,,,,
260,t,63,598816.4,5662794.79,365.64,2014,118,1.28,far,kt,37,20.10.14,42.78,,1.13,53.2,57.5,,,,,,
261,b,61,598807.14,5662785.85,366.46,2014,134,1.64,far,kt,46,17.10.14,36.68,0.00000082,1.52,40.1,42.8,,,,,,
261,t,61,598807.14,5662785.85,366.46,2014,134,1.64,far,kt,46,17.10.14,41.72,0.0000149,1.24,48.3,53.3,,,,,,
262,b,65,598830.98,5662778.58,366.85,2014,759,2.27,far,kt,35,16.10.14,47.89,0.0000202,1.32,52.9,50.5,,,,,,
262,t,65,598830.98,5662778.58,366.85,2014,759,2.27,far,kt,35,16.10.14,40.96,0.0000401,1.1,55.4,58.6,,,,,,
263,b,23,598845.27,5662763.28,367.64,2014,639,1.08,far,kt,38,,30.45,0.000136,1.31,51.8,50.8,,,,,,
263,t,23,598845.27,5662763.28,367.64,2014,639,1.08,far,kt,38,,30.93,0.000206,1.2181,52.1,54.2,,,,,,
264,b,59,598840.48,5662792.94,365.63,2014,766,2.45,far,kt,37,22.10.14,58.99,0.000582,1.03,68.6,61.1,,,,,,
264,t,59,598840.48,5662792.94,365.63,2014,766,2.45,far,kt,37,22.10.14,47.99,0.00000123,1.21,50.5,54.5,,,,,,
265,b,57,598844.93,5662833.55,362.35,2014,1022,0.56,close,kt,48,28.10.14,38.82,0.000029,1.48175,44.2,44.3,,,,,,
265,t,57,598844.93,5662833.55,362.35,2014,1022,0.56,close,kt,48,27.10.14,37.08,0.000196,1.05,51.8,60.7,,,,,,
266,b,37,598854.16,5662749.81,368.33,2014,595,1.09,far,kt,39,,37.24,0.00000128,1.6,46.3,39.7,,,,,,
266,t,37,598854.16,5662749.81,368.33,2014,595,1.09,far,kt,39,,35.19,0.000051,1.21,56.8,54.6,,,,,,
267,b,16,598856.25,5662789.43,365.72,2014,744,2.76,far,kt,31,23.10.14,52.15,0.000000271,1.31,53.7,50.7,,,,,,
267,t,16,598856.25,5662789.43,365.72,2014,744,2.76,far,kt,31,23.10.14,45.36,0.00000646,1.28,48.5,52.1,,,,,,
268,b,46,598857.3,5662818.03,363.63,2014,854,1.92,far,kt,35,29.10.14,46.64,,1.36,46.4,49,,,,,,
268,t,46,598857.3,5662818.03,363.63,2014,854,1.92,far,kt,35,29.10.14,39.87,0.0000149,1.28,51.1,51.9,,,,,,
269,b,52,598856.71,5662826.57,362.97,2014,1010,1.54,far,kt,42,24.10.14,35.6,0.0000723,1.57,40.7,40.9,,,,,,
269,t,52,598856.71,5662826.57,362.97,2014,1010,1.54,far,kt,42,24.10.14,47.79,0.0000157,1.12,56.6,57.8,,,,,,
270,b,2,598878.49,5662759.99,367.14,2015,618,1.8,far,kt,32,25.03.15,45.81,,1.38,51,48.2,,,,,,
270,t,2,598878.49,5662759.99,367.14,2015,618,1.8,far,kt,32,25.03.15,39.37,0.000035,1.35,49.7,49.1,,,,,,
271,b,20,598889.93,5662769.05,366.45,2015,613,3,far,kt,36,26.03.15,43.98,0.000255,1.43,51,46.4,,,,,,
271,t,20,598889.93,5662769.05,366.45,2015,613,3,far,kt,36,26.03.15,42.18,0.000303,1.3,54,51.2,,,,,,
272,b,31,598882.98,5662785.44,365.65,2014,729,1.24,far,kt,36,,45.91,0.0000344,1.33,55.1,49.8,,,,,,
272,t,31,598882.98,5662785.44,365.65,2014,729,1.24,far,kt,36,,38.17,0.000222,1.03,59.7,61.4,,,,,,
273,b,25,598889.49,5662797.25,364.82,2014,788,1.47,far,kt,37,13.11.14,49.3,,1.34,48.3,49.4,,,,,,
273,t,25,598889.49,5662797.25,364.82,2014,788,1.47,far,kt,37,13.11.14,41.21,0.0000417,1.1887,53.8,55.3,,,,,,
274,b,24,598897.68,5662789.39,365.14,2014,782,2.76,far,kt,37,12.11.14,38.16,,1.44,42.7,45.7,,,,,,
274,t,24,598897.68,5662789.39,365.14,2014,782,2.76,far,kt,37,12.11.14,43.41,,1.06,57.9,60,,,,,,
301,b,8,598788.33,5662805.78,364.6,2014,102,0.31,close,tt,53,07.10.14,40.84,0.000599,1.04,52.3,60.9,,,,,,
301,t,8,598788.33,5662805.78,364.6,2014,102,0.31,close,tt,53,07.10.14,61.24,,,,,,,,,,
302,b,14,598800.7,5662819.2,363.4,2014,29,0.3,close,tt,,01.10.14,33.1,0.0000152,1.3,43.4,51.1,,,,,,
302,t,14,598800.7,5662819.2,363.4,2014,29,0.3,close,tt,,01.10.14,37.13,0.0000164,1.25,50.5,52.9,,,,,,
303,b,39,598816.6,5662764.82,368.05,2014,206,0.3,close,tt,51,,,,,,,,,,,,
303,t,39,598816.6,5662764.82,368.05,2014,206,0.3,close,tt,51,15.10.14,41.24,0.0000108,1.27,48.6,52.4,,,,,,
304,b,30,598831.64,5662800.01,365.05,2014,817,0.3,close,tt,35,21.10.14,45.49,0.0000831,1.33,50.4,49.8,,,,,,
304,t,30,598831.64,5662800.01,365.05,2014,817,0.3,close,tt,35,21.10.14,41.95,0.0000136,1.15,52.7,56.6,,,,,,
305,b,19,598846.32,5662755.53,368.2,2014,587,0.3,close,tt,,,34.87,0.000117,1.38,49.8,48,,,,,,
305,t,19,598846.32,5662755.53,368.2,2014,587,0.3,close,tt,,,35.92,0.000231,0.96,63.5,64,,,,,,
306,b,38,598850.05,5662757.06,367.98,2015,592,0.3,close,tt,32,,44.69,,1.46,55,45.2,,,,,,
306,t,38,598850.05,5662757.06,367.98,2015,592,0.3,close,tt,32,30.03.15,46.14,0.0000254,1.14,56.8,57,,,,,,
308,b,25,598888.98,5662798.79,364.8,2014,788,0.29,close,tt,39,13.11.14,44.39,0.0000085,1.2752,51,52.1,,,,,,
308,t,25,598888.98,5662798.79,364.8,2014,788,0.29,close,tt,39,13.11.14,42.4,0.00000593,1.1619,52.6,56.3,,,,,,
309,b,10,598807.26,5662781.37,366.88,2014,182,0.3,close,tt,87,08.10.14,32.88,0.0000516,1.43,40.3,46.1,,,,,,
309,t,10,598807.26,5662781.37,366.88,2014,182,0.3,close,tt,87,08.10.14,41.51,0.000213,1.06,57.9,60,,,,,,
310,b,13,598809.04,5662819.58,363.38,2014,37,0.3,close,tt,,02.10.14,39.34,0.0000452,1.3931,46.5,47.6,,,,,,
310,t,13,598809.04,5662819.58,363.38,2014,37,0.3,close,tt,,02.10.14,42.84,0.0000407,1.0806,53.4,59.4,,,,,,
311,b,54,598843.2,5662798.03,365.21,2014,806,0.31,close,tt,34,22.10.14,48.63,0.0000526,1.26,54.3,52.8,,,,,,
311,t,54,598843.2,5662798.03,365.21,2014,806,0.31,close,tt,34,22.10.14,47.42,0.0000165,1.27,45.1,52.2,,,,,,
312,b,50,598843.86,5662827.19,362.97,2014,1016,0.3,close,tt,40,,,,,,,0,2.86,69.36,27.78,SiCL,Tu4
312,t,50,598843.86,5662827.19,362.97,2014,1016,0.3,close,tt,40,,,,,,,,,,,,
313,b,22,598853.1,5662760.07,367.76,2014,634,0.3,close,tt,38,,39.33,0.0000656,1.39,50.9,47.7,0,1.91,67.61,30.48,SiCL,Tu4
313,t,22,598853.1,5662760.07,367.76,2014,634,0.3,close,tt,38,,47.8,0.0000213,1.11,65.1,58.1,,,,,,
314,b,26,598854.82,5662783.53,366.14,2014,746,0.3,close,tt,48,24.10.14,39.85,0.00000495,1.36,47.1,48.9,,,,,,
314,t,26,598854.82,5662783.53,366.14,2014,746,0.3,close,tt,48,24.10.14,46.11,0.000194,1.01,54,62.1,,,,,,
315,b,15,598885.3,5662824.37,363.13,2014,993,0.3,close,tt,,,,,,,,,,,,,
315,t,15,598885.3,5662824.37,363.13,2014,993,0.3,close,tt,,05.11.14,47.03,,0.73,61.9,72.7,,,,,,
316,b,28,598899.28,5662782.81,365.49,2014,926,0.3,close,tt,34,,45.42,,1.37,45.7,48.6,,,,,,
316,t,28,598899.28,5662782.81,365.49,2014,926,0.3,close,tt,34,13.11.14,43.62,0.00000698,1.15,52.6,56.7,,,,,,
317,b,9,598799.82,5662756.01,368.8,2014,255,0.3,close,tt,,,,,,,,2.85,8.17,68.89,20.09,SiL,Ut4
317,t,9,598799.82,5662756.01,368.8,2014,255,0.3,close,tt,,13.10.14,44.25,0.0000699,1.08,58.6,59.4,,,,,,
318,b,56,598852.8,5662829.61,362.76,2014,1013,0.3,close,tt,,,,,,,,,,,,,
318,t,56,598852.8,5662829.61,362.76,2014,1013,0.3,close,tt,,28.10.14,48.72,0.0000765,1.01,63.4,61.9,,,,,,
320,b,69,598806.19,5662774.86,367.38,2014,178,0.31,close,tt,37,09.10.14,39.91,0.0000465,1.32,47.7,50.4,0,1.77,68.84,29.39,SiCL,Tu4
320,t,69,598806.19,5662774.86,367.38,2014,178,0.31,close,tt,37,08.10.14,36.2,0.00017,1.15,52,56.7,0.28,2.84,78.26,18.61,,
321,b,48,598805.93,5662761.25,368.51,2014,220,0.3,close,tt,,,,,,,,,,,,,
321,t,48,598805.93,5662761.25,368.51,2014,220,0.3,close,tt,,14.10.14,,,,,,,,,,,
322,b,18,598844.5,5662763.13,367.74,2014,639,0.3,close,tt,,,46.03,0.0000255,1.34,58.6,49.5,0.38,5.87,68.41,25.34,SiL,Tu4
322,t,18,598844.5,5662763.13,367.74,2014,639,0.3,close,tt,,,37.16,0.0000935,1.17,57.1,55.9,,,,,,
402,b,14,598800.51,5662819.43,363.36,2014,29,0.6,close,tt,,01.10.14,34.37,0.0000304,1.36,42.8,48.8,,,,,,
402,t,14,598800.51,5662819.43,363.36,2014,29,0.6,close,tt,,01.10.14,41.23,0.0000107,1.13,55.3,57.6,,,,,,
405,b,19,598846.62,5662755.53,368.2,2014,587,0.6,close,tt,,,38.76,0.0000266,1.32,52.4,50.2,,,,,,
405,t,19,598846.62,5662755.53,368.2,2014,587,0.6,close,tt,,,27.23,0.0000516,1.09,51.1,59.1,,,,,,
407,b,60,598858.78,5662784.3,366.01,2014,742,0.61,close,tt,28,23.10.14,48.74,,1.26,49.8,52.4,,,,,,
407,t,60,598858.78,5662784.3,366.01,2014,742,0.61,close,tt,28,23.10.14,47.84,,1.17,52.8,55.9,,,,,,
415,b,15,598885.56,5662824.22,363.12,2014,993,0.6,close,tt,,,,,,,,,,,,,
415,t,15,598885.56,5662824.22,363.12,2014,993,0.6,close,tt,,05.11.14,34.91,0.000557,1.19,42.7,55.1,,,,,,
416,b,28,598899.14,5662782.55,365.49,2014,926,0.59,close,tt,34,13.11.14,46.11,,1.3,49,51.3,,,,,,
416,t,28,598899.14,5662782.55,365.49,2014,926,0.59,close,tt,34,13.11.14,,0.000166,,,,,,,,,
419,b,80,598903.31,5662806.9,363.96,2014,950,0.83,close,tt,,06.11.14,48.21,0.0000312,1.36,49.2,49,,,,,,
419,t,80,598903.31,5662806.9,363.96,2014,950,0.83,close,tt,,06.11.14,42.23,0.0000192,1.23,50.5,53.8,,,,,,
421,b,48,598805.37,5662760.99,368.46,2014,220,0.39,close,tt,,,,,,,,,,,,,
421,t,48,598805.37,5662760.99,368.46,2014,220,0.39,close,tt,,14.10.14,47.06,0.00000071,1.04,56.6,60.8,,,,,,
422,b,18,598844.79,5662763.19,367.71,2014,639,0.6,close,tt,,,44.27,0.0000534,1.35,55.8,49.2,,,,,,
422,t,18,598844.79,5662763.19,367.71,2014,639,0.6,close,tt,,,48.38,0.0000845,1.02,68.7,61.5,,,,,,
501,b,8,598788.41,5662804.89,364.66,2014,102,1.2,far,tt,35,07.10.14,35.74,0.00000617,1.48,40.7,44.4,,,,,,
501,t,8,598788.41,5662804.89,364.66,2014,102,1.2,far,tt,35,07.10.14,40.08,0.0000425,1.19,54,55.3,,,,,,
503,b,64,598816.82,5662765.69,367.98,2014,206,1.2,far,tt,51,15.10.14,41.72,0.00000377,1.2,50.4,55,,,,,,
503,t,64,598816.82,5662765.69,367.98,2014,206,1.2,far,tt,51,15.10.14,42.04,0.00000141,1.26,51.6,52.6,,,,,,
504,b,32,598832.13,5662800.77,365.01,2014,817,1.2,far,tt,35,21.10.14,47.84,0.0000341,1.23,54.3,53.7,,,,,,
504,t,32,598832.13,5662800.77,365.01,2014,817,1.2,far,tt,35,21.10.14,41.75,0.0000668,1.1,57.4,58.8,,,,,,
506,b,38,598850.57,5662757.79,367.93,2014,592,1.2,far,tt,,,42.56,0.0000601,1.48,53.4,44.5,,,,,,
506,t,38,598850.57,5662757.79,367.93,2014,592,1.2,far,tt,,,34.1,0.0000687,1.33,52.4,49.9,,,,,,
507,b,60,598858.66,5662783.71,366.06,2014,742,1.21,far,tt,28,23.10.14,51.5,,1.27,51.5,52.2,,,,,,
507,t,60,598858.66,5662783.71,366.06,2014,742,1.21,far,tt,28,23.10.14,46.15,0.00000106,1.2,51.8,54.8,,,,,,
509,b,10,598807.88,5662782.32,366.74,2014,182,1.43,far,tt,,02.10.14,34.6,0.0000487,1.43,42.5,46.3,,,,,,
509,t,10,598807.88,5662782.32,366.74,2014,182,1.43,far,tt,,02.10.14,39.66,0.0000149,1.28,48.1,52,,,,,,
510,b,13,598809.08,5662818.68,363.48,2014,37,1.21,far,tt,,08.10.14,,,,,,,,,,,
510,t,13,598809.08,5662818.68,363.48,2014,37,1.21,far,tt,,08.10.14,,,,,,,,,,,
512,b,50,598844.43,5662827.89,362.85,2014,1016,1.2,far,tt,40,27.10.14,49.79,,1.35,53.5,49.2,0.07,1.8,55.99,42.13,SiC,Tu3
512,t,50,598844.43,5662827.89,362.85,2014,1016,1.2,far,tt,40,27.10.14,41.85,,0.79,59.5,70.4,0.56,3.41,77.76,18.27,SiL,Ut4
513,b,22,598853.04,5662760.97,367.65,2014,634,1.2,far,tt,38,,39.92,0.0000387,1.41,53.5,47.1,0,1.5,65.12,33.38,SiCL,Tu4
513,t,22,598853.04,5662760.97,367.65,2014,634,1.2,far,tt,38,,44.46,0.0000435,1.15,62.5,56.9,0.02,2.44,78.25,19.3,SiL,Ut4
514,b,26,598855.72,5662783.48,366.15,2014,746,1.2,far,tt,37,23.10.14,44.35,0.0000856,1.31,49.6,50.6,,,,,,
514,t,26,598855.72,5662783.48,366.15,2014,746,1.2,far,tt,37,23.10.14,45.46,,1.27,49.6,52.1,,,,,,
519,b,80,598903.83,5662806.67,363.98,2014,951,1.36,far,tt,27,10.11.14,48.8,,1.3,49.6,51,,,,,,
519,t,80,598903.83,5662806.67,363.98,2014,951,1.36,far,tt,27,10.11.14,42.41,0.0000251,1.14,52.1,57.3,,,,,,
520,b,69,598806.46,5662774.01,367.44,2014,178,1.2,far,tt,37,08.10.14,44.62,0.0000034,1.35,48.2,49.3,0,4.13,62.68,33.2,SiCL,Tu3
520,t,69,598806.46,5662774.01,367.44,2014,178,1.2,far,tt,37,08.10.14,43.07,0.0000889,1.11,56.4,58.4,0,2.57,78.22,19.21,SiL,Ut4
